Date,Open,High,Low,Close,Volume,Dividends,Stock Splits
2024-11-11 00:00:00+08:00,11.044743527548313,11.09222755829302,10.892795353711294,11.016253471374512,148695164,0.0,0.0
2024-11-12 00:00:00+08:00,10.997259427864678,11.244175661643258,10.930782328648348,10.959272384643555,171766255,0.0,0.0
2024-11-13 00:00:00+08:00,10.921285066732972,11.111220278061388,10.902291092758867,11.025749206542969,108626328,0.0,0.0
2024-11-14 00:00:00+08:00,11.006756415090596,11.11122055752805,10.949775397417636,10.959272384643555,115978311,0.0,0.0
2024-11-15 00:00:00+08:00,10.921285561361984,11.0257497059032,10.845311473389723,10.864304542541504,121578351,0.0,0.0
2024-11-18 00:00:00+08:00,11.044743626293798,11.434111051652934,11.035246638923436,11.15870475769043,379732445,0.0,0.0
2024-11-19 00:00:00+08:00,11.158705037686465,11.358137249055398,10.96876981392619,11.092227935791016,243003665,0.0,0.0
2024-11-20 00:00:00+08:00,11.08273028217692,11.158704367115442,11.02574926563176,11.054240226745605,128657248,0.0,0.0
2024-11-21 00:00:00+08:00,11.035246839478035,11.063736896424329,10.978266725585444,11.006756782531738,88340806,0.0,0.0
2024-11-22 00:00:00+08:00,11.006756843055305,11.02574991256308,10.712356567382812,10.712356567382812,162531744,0.0,0.0
2024-11-25 00:00:00+08:00,10.71235587807395,10.769336894295884,10.579401683026981,10.617388725280762,116602032,0.0,0.0
2024-11-26 00:00:00+08:00,10.61738880639542,10.740846921084033,10.579401763851425,10.702859878540039,83107820,0.0,0.0
2024-11-27 00:00:00+08:00,10.674369949427023,10.816822052001953,10.588898869018587,10.816822052001953,89517805,0.0,0.0
2024-11-28 00:00:00+08:00,10.816821686701806,10.845311743981592,10.750343678805518,10.76933765411377,73316854,0.0,0.0
2024-11-29 00:00:00+08:00,10.797827422085192,10.883298497317098,10.769337365568745,10.807324409484863,102848758,0.0,0.0
2024-12-02 00:00:00+08:00,10.816822052001953,10.826318134294185,10.740847959568372,10.816822052001953,97543366,0.0,0.0
2024-12-03 00:00:00+08:00,10.7978268609295,10.921284973661491,10.778833792799784,10.911787986755371,108255936,0.0,0.0
2024-12-04 00:00:00+08:00,10.86430394643487,10.949775017134646,10.797826849527274,10.88329792022705,100747059,0.0,0.0
2024-12-05 00:00:00+08:00,10.864304542541504,10.902291586527634,10.835814485972548,10.864304542541504,68710883,0.0,0.0
2024-12-06 00:00:00+08:00,10.864304412173237,11.11122064796145,10.854808330552581,11.073233604431152,172626927,0.0,0.0
2024-12-09 00:00:00+08:00,11.04474325076663,11.130214322828682,11.00675620825933,11.082730293273926,96406316,0.0,0.0
2024-12-10 00:00:00+08:00,11.301156616968802,11.348640650959284,11.158705420679977,11.19669246673584,216780724,0.0,0.0
2024-12-11 00:00:00+08:00,11.196692401598494,11.234679447433363,11.130215297808125,11.139711380004883,96769145,0.0,0.0
2024-12-12 00:00:00+08:00,11.139711508960328,11.272666623762792,11.120718438664333,11.253673553466797,98623459,0.0,0.0
2024-12-13 00:00:00+08:00,11.196691995205338,11.206188982740008,10.978266716003418,10.978266716003418,134379289,0.0,0.0
2024-12-16 00:00:00+08:00,10.978266369619403,11.073233524921976,10.949775407914336,10.987762451171875,80571778,0.0,0.0
2024-12-17 00:00:00+08:00,10.987762740057057,11.063736828569612,10.940279613998644,10.949775695800781,80211995,0.0,0.0
2024-12-18 00:00:00+08:00,10.997259814037681,11.149207992257894,10.987762826478273,11.063736915588379,101658966,0.0,0.0
2024-12-19 00:00:00+08:00,11.006756782531738,11.054240814563952,10.959272750499526,11.006756782531738,69737904,0.0,0.0
2024-12-20 00:00:00+08:00,11.006756792089025,11.111220938104536,10.99725980453782,11.035246849060059,71464627,0.0,0.0
2024-12-23 00:00:00+08:00,11.054241206138386,11.244176435312735,11.054241206138386,11.139711380004883,165940476,0.0,0.0
2024-12-24 00:00:00+08:00,11.130214141196323,11.272665321853415,11.130214141196323,11.263168334960938,135083691,0.0,0.0
2024-12-25 00:00:00+08:00,11.263168405661865,11.415117479847767,11.244175337440206,11.320149421691895,147528294,0.0,0.0
2024-12-26 00:00:00+08:00,11.320149350633287,11.329646337525764,11.187194251186153,11.263168334960938,100007470,0.0,0.0
2024-12-27 00:00:00+08:00,11.272665310281013,11.30115536524668,11.073233114156306,11.234678268432617,129001228,0.0,0.0
2024-12-30 00:00:00+08:00,11.187194332603216,11.367633462143404,11.187194332603216,11.348639488220215,135184636,0.0,0.0
2024-12-31 00:00:00+08:00,11.329646533698694,11.386626644675136,11.111220359802246,11.111220359802246,147536733,0.0,0.0
2025-01-02 00:00:00+08:00,11.139710214818866,11.177698162362903,10.81682081183721,10.85480785369873,181959699,0.0,0.0
2025-01-03 00:00:00+08:00,10.864304522517754,10.959272585149332,10.78833043468552,10.807324409484863,115468044,0.0,0.0
2025-01-06 00:00:00+08:00,10.807324429403593,10.902291586527634,10.655376253459073,10.864304542541504,108553630,0.0,0.0
2025-01-07 00:00:00+08:00,10.84531219074668,10.949776342197618,10.79782815620257,10.93078327178955,74786288,0.0,0.0
2025-01-08 00:00:00+08:00,10.921285629272461,11.044743749415712,10.826317565875323,10.921285629272461,106238601,0.0,0.0
2025-01-09 00:00:00+08:00,10.92128489046883,10.92128489046883,10.77883371069224,10.826316833496094,75148330,0.0,0.0
2025-01-10 00:00:00+08:00,10.826317098684784,10.883298115400667,10.712355970935553,10.73134994506836,79813351,0.0,0.0
2025-01-13 00:00:00+08:00,10.68386613358542,10.693363120845754,10.52242097288997,10.636382102966309,93496618,0.0,0.0
2025-01-14 00:00:00+08:00,10.636382259021051,10.826317478601638,10.626885271621381,10.807324409484863,82462895,0.0,0.0
2025-01-15 00:00:00+08:00,10.807325088669707,10.997260320186745,10.78833111267669,10.902292251586914,103163082,0.0,0.0
2025-01-16 00:00:00+08:00,10.978266369619403,11.00675642564192,10.92128535189182,10.987762451171875,87296399,0.0,0.0
2025-01-17 00:00:00+08:00,10.949776277607967,10.968770253586623,10.845312126773235,10.873802185058594,68976486,0.0,0.0
2025-01-20 00:00:00+08:00,10.921286211021904,10.940280186986122,10.826318142566056,10.845312118530273,83202913,0.0,0.0
2025-01-21 00:00:00+08:00,10.873801139462538,10.873801139462538,10.750343024520557,10.75984001159668,90206894,0.0,0.0
2025-01-22 00:00:00+08:00,10.750342836864283,10.759839823774627,10.522420585111139,10.531917572021484,134712922,0.0,0.0
2025-01-23 00:00:00+08:00,10.607892135390372,10.826317410105466,10.607892135390372,10.750343322753906,151492027,0.0,0.0
2025-01-24 00:00:00+08:00,10.750343678805518,10.816821686701806,10.655376519312034,10.76933765411377,94494421,0.0,0.0
2025-01-27 00:00:00+08:00,10.807324486899988,10.968769651120594,10.807324486899988,10.89279556274414,115193471,0.0,0.0
2025-02-05 00:00:00+08:00,10.92128487862544,10.940278852272396,10.759839725356377,10.797826766967773,84343370,0.0,0.0
2025-02-06 00:00:00+08:00,10.778834949556622,10.873802111761885,10.731350915612682,10.788331031799316,95560325,0.0,0.0
2025-02-07 00:00:00+08:00,10.78833043468552,10.873801509917426,10.740847309052299,10.807324409484863,140749262,0.0,0.0
2025-02-10 00:00:00+08:00,10.807323824951203,10.92128495053576,10.788329851179183,10.85480785369873,102659093,0.0,0.0
2025-02-11 00:00:00+08:00,10.826318142566056,10.892796152758198,10.797828084302349,10.845312118530273,84452003,0.0,0.0
2025-02-12 00:00:00+08:00,10.835815130548164,10.854809106512384,10.769338026038644,10.845312118530273,98880683,0.0,0.0
2025-02-13 00:00:00+08:00,10.845311540827781,10.96876966097103,10.826317565875323,10.921285629272461,135863927,0.0,0.0
2025-02-14 00:00:00+08:00,10.91178805736342,10.968769073486328,10.854807946923039,10.968769073486328,97305774,0.0,0.0
2025-02-17 00:00:00+08:00,11.016253579810758,11.20618879897662,10.968769548598651,11.18719482421875,206196542,0.0,0.0
2025-02-18 00:00:00+08:00,11.168201812963446,11.35813703311264,11.168201812963446,11.215685844421387,199661049,0.0,0.0
2025-02-19 00:00:00+08:00,11.206189079504236,11.215686067120911,11.0922279451519,11.120718002319336,117774895,0.0,0.0
2025-02-20 00:00:00+08:00,11.120717635264663,11.168201666098176,11.063736617127939,11.073233604431152,78439627,0.0,0.0
2025-02-21 00:00:00+08:00,11.101723350570284,11.120717324646181,10.968769154769133,11.054240226745605,97396897,0.0,0.0
2025-02-24 00:00:00+08:00,11.044743827020993,11.101723940913583,10.978266725585444,11.006756782531738,94995617,0.0,0.0
2025-02-25 00:00:00+08:00,10.978266638588293,10.99725970784112,10.883298575276442,10.89279556274414,91715602,0.0,0.0
2025-02-26 00:00:00+08:00,10.892794977851754,11.016253091255006,10.892794977851754,10.940279006958008,84164552,0.0,0.0
2025-02-27 00:00:00+08:00,10.949775772464376,11.044743836611264,10.883298670971103,11.035246849060059,97730975,0.0,0.0
2025-02-28 00:00:00+08:00,10.99725972754177,11.09222779102375,10.921285639029218,10.949775695800781,94908806,0.0,0.0
2025-03-03 00:00:00+08:00,10.940280259834898,10.97826730633366,10.873802249200095,10.93078327178955,83045695,0.0,0.0
2025-03-04 00:00:00+08:00,10.89279622529079,10.968770318288312,10.864305261154746,10.93078327178955,68317873,0.0,0.0
2025-03-05 00:00:00+08:00,10.94027940491639,11.082730591734366,10.902291455703535,11.073233604431152,108064544,0.0,0.0
2025-03-06 00:00:00+08:00,11.101723650303855,11.111220637598212,11.01625348170232,11.044743537902832,87740771,0.0,0.0
2025-03-07 00:00:00+08:00,11.04474325076663,11.10172336168631,11.016253195306788,11.082730293273926,83553669,0.0,0.0
2025-03-10 00:00:00+08:00,11.073233883967289,11.082730871510247,10.968769738042484,11.006756782531738,66383393,0.0,0.0
2025-03-11 00:00:00+08:00,10.959272108998656,11.025749206542969,10.940279040707077,11.025749206542969,60897527,0.0,0.0
2025-03-12 00:00:00+08:00,11.016254287829797,11.272666623762792,10.978267241555184,11.253673553466797,187731840,0.0,0.0
2025-03-13 00:00:00+08:00,11.215685854322818,11.31065301163997,11.187194892013359,11.244175910949707,131237121,0.0,0.0
2025-03-14 00:00:00+08:00,11.225181727724568,11.396123875678157,11.225181727724568,11.367633819580078,172241765,0.0,0.0
2025-03-17 00:00:00+08:00,11.044743749415712,11.082730793638051,10.883298585050122,10.921285629272461,460361210,0.0,0.0
2025-03-18 00:00:00+08:00,10.940278947473729,10.959272015603448,10.902290999849251,10.911787986755371,160529000,0.0,0.0
2025-03-19 00:00:00+08:00,10.902291059126984,10.949775088233238,10.883297990893997,10.940279006958008,136245491,0.0,0.0
2025-03-20 00:00:00+08:00,10.930781960567609,11.025749112581241,10.911787986755371,10.911787986755371,110115724,0.0,0.0
2025-03-21 00:00:00+08:00,10.911789223039793,10.940280186986122,10.816822060266569,10.845312118530273,137638897,0.0,0.0
2025-03-24 00:00:00+08:00,10.83581446600131,10.864304522517754,10.769337365568745,10.807324409484863,116457734,0.0,0.0
2025-03-25 00:00:00+08:00,10.807323824951203,10.85480785369873,10.788329851179183,10.85480785369873,73560888,0.0,0.0
2025-03-26 00:00:00+08:00,10.84531145340098,10.854808440800651,10.797827422085192,10.807324409484863,74086307,0.0,0.0
2025-03-27 00:00:00+08:00,10.797828076052248,10.835815122269038,10.778835005785163,10.816822052001953,55334940,0.0,0.0
2025-03-28 00:00:00+08:00,10.816821386837375,10.826317468545659,10.769337355565693,10.778834342956543,64494555,0.0,0.0
2025-03-31 00:00:00+08:00,10.788330345864404,10.807324320507368,10.693363189697266,10.693363189697266,111612564,0.0,0.0
2025-04-01 00:00:00+08:00,10.702859878540039,10.731349934027401,10.655375848939412,10.702859878540039,68147042,0.0,0.0
2025-04-02 00:00:00+08:00,10.683865642133584,10.835813808579172,10.683865642133584,10.797826766967773,93264176,0.0,0.0
2025-04-03 00:00:00+08:00,10.740847596833984,10.816821686701806,10.731350609179858,10.76933765411377,64391391,0.0,0.0
2025-04-07 00:00:00+08:00,10.446447130835116,10.493931162566337,9.952614649922547,10.161543846130371,254556048,0.0,0.0
2025-04-08 00:00:00+08:00,10.14255086276341,10.303996028607589,10.123556887636996,10.275505065917969,146398771,0.0,0.0
2025-04-09 00:00:00+08:00,10.19003368297044,10.285001744383239,10.123556583391014,10.256511688232422,106439405,0.0,0.0
2025-04-10 00:00:00+08:00,10.313491534212474,10.379969537757818,10.27550449176479,10.351478576660156,86654805,0.0,0.0
2025-04-11 00:00:00+08:00,10.322988866790798,10.351478923159586,10.285001823071559,10.3419828414917,58387902,0.0,0.0
2025-04-14 00:00:00+08:00,10.398962665353517,10.484433737768121,10.370472609776161,10.379969596862793,78599345,0.0,0.0
2025-04-15 00:00:00+08:00,10.370472918123882,10.417956949286353,10.35147894338587,10.39896297454834,72275410,0.0,0.0
2025-04-16 00:00:00+08:00,10.379969322279397,10.455943405597612,10.360975348608587,10.446446418762207,84282217,0.0,0.0
2025-04-17 00:00:00+08:00,10.398962460958593,10.522420573610574,10.379969392841183,10.503427505493164,82391931,0.0,0.0
2025-04-18 00:00:00+08:00,10.484433624551265,10.62688480658231,10.474936637567188,10.617388725280762,72709815,0.0,0.0
2025-04-21 00:00:00+08:00,10.446447727745552,10.569905855028097,10.417957669351926,10.465441703796387,111418418,0.0,0.0
2025-04-22 00:00:00+08:00,10.465441058610317,10.503428102687488,10.427453108850575,10.484434127807617,83112887,0.0,0.0
2025-04-23 00:00:00+08:00,10.484434117889581,10.493931105320533,10.41795701723806,10.455944061279297,58638293,0.0,0.0
2025-04-24 00:00:00+08:00,10.44644643043499,10.503427445828578,10.436949443588972,10.474936485290527,68925613,0.0,0.0
2025-04-25 00:00:00+08:00,10.484434117889581,10.493931105320533,10.436950086417394,10.455944061279297,63754686,0.0,0.0
2025-04-28 00:00:00+08:00,10.446446418762207,10.484433460421315,10.4084593771031,10.446446418762207,64201837,0.0,0.0
2025-04-29 00:00:00+08:00,10.44644701583308,10.465440990589498,10.398962984624598,10.42745304107666,64904494,0.0,0.0
2025-04-30 00:00:00+08:00,10.408460251661548,10.417957239294926,10.341983149593078,10.360976219177246,86983492,0.0,0.0
2025-05-06 00:00:00+08:00,10.37047262068716,10.446446706095067,10.34198256507983,10.408459663391113,85467127,0.0,0.0
2025-05-07 00:00:00+08:00,10.455943417281008,10.484433472136544,10.417956375579454,10.474936485290527,112627001,0.0,0.0
2025-05-08 00:00:00+08:00,10.446447743897474,10.522421836853027,10.436950755857373,10.522421836853027,105661366,0.0,0.0
2025-05-09 00:00:00+08:00,10.512923620995679,10.607891678939998,10.503427539747264,10.588897705078125,99989747,0.0,0.0
2025-05-12 00:00:00+08:00,10.598395347595215,10.655376367022992,10.569905290722614,10.598395347595215,89560460,0.0,0.0
2025-05-13 00:00:00+08:00,10.62688519428513,10.759840299865255,10.588898150645461,10.721853256225586,126103062,0.0,0.0
2025-05-14 00:00:00+08:00,10.721852754342153,10.89279489556025,10.683865712480635,10.85480785369873,168351358,0.0,0.0
2025-05-15 00:00:00+08:00,10.854809098218745,10.921286202677473,10.8073250640271,10.816822052001953,103546026,0.0,0.0
2025-05-16 00:00:00+08:00,10.797827422085192,10.854808440800651,10.740847309052299,10.807324409484863,91474445,0.0,0.0
2025-05-19 00:00:00+08:00,10.826316821755693,10.892794823837521,10.788329780144297,10.797826766967773,83139060,0.0,0.0
2025-05-20 00:00:00+08:00,10.826318134294185,10.892796144435534,10.797828076052248,10.816822052001953,64363480,0.0,0.0
2025-05-21 00:00:00+08:00,10.826318158980099,11.006757308183253,10.816822076666215,10.902292251586914,132827810,0.0,0.0
2025-05-22 00:00:00+08:00,10.873801015175658,10.978266060453901,10.864304028208085,10.968769073486328,100296806,0.0,0.0
2025-05-23 00:00:00+08:00,10.940278935921075,10.940278935921075,10.854807865221298,10.88329792022705,96264311,0.0,0.0
2025-05-26 00:00:00+08:00,10.86430518881187,10.921286211021904,10.826318142566056,10.845312118530273,69915858,0.0,0.0
2025-05-27 00:00:00+08:00,10.873800944813414,10.959272015603448,10.845310889777577,10.911787986755371,80191514,0.0,0.0
2025-05-28 00:00:00+08:00,10.921285639029218,10.968769670770207,10.864304619803514,10.949775695800781,65817947,0.0,0.0
2025-05-29 00:00:00+08:00,10.940278935921075,10.968768990926828,10.87380093333096,10.88329792022705,91980676,0.0,0.0
2025-05-30 00:00:00+08:00,10.892795639556551,10.997259785390177,10.864304676952543,10.978266716003418,113084931,0.0,0.0
2025-06-03 00:00:00+08:00,10.959272617958048,11.3106530016547,10.949775630529945,11.215685844421387,219247966,0.0,0.0
2025-06-04 00:00:00+08:00,11.225181936076734,11.282162955013082,11.187194892013359,11.244175910949707,116795950,0.0,0.0
2025-06-05 00:00:00+08:00,11.282162492857873,11.310652548317714,11.073233306226468,11.082730293273926,116680349,0.0,0.0
2025-06-06 00:00:00+08:00,11.111220359802246,11.196691431949443,11.092227291370945,11.111220359802246,68235251,0.0,0.0
2025-06-09 00:00:00+08:00,11.139711071870098,11.15870504710345,11.063736982301874,11.120718002319336,77325468,0.0,0.0
2025-06-10 00:00:00+08:00,11.130214768933607,11.291659932481064,11.120717781505505,11.215685844421387,142813180,0.0,0.0
2025-06-11 00:00:00+08:00,11.225182589498868,11.329647646016026,11.196692531213563,11.253673553466797,109466664,0.0,0.0
2025-06-12 00:00:00+08:00,11.324204073428081,11.461347810537639,11.285020015079402,11.441756248474121,129022047,0.362,0.0
2025-06-13 00:00:00+08:00,11.441756390566255,11.500532011708371,11.324204214060368,11.343795776367188,109549419,0.0,0.0
2025-06-16 00:00:00+08:00,11.333999126417837,11.549511909484863,11.294815068971252,11.549511909484863,117443827,0.0,0.0
2025-06-17 00:00:00+08:00,11.54951224581012,11.637676611187715,11.471144128634847,11.520124435424805,89002734,0.0,0.0
2025-06-18 00:00:00+08:00,11.539715891893868,11.569104636231605,11.422163717207841,11.52992057800293,68352111,0.0,0.0
2025-06-19 00:00:00+08:00,11.520124133407418,11.53971569507679,11.41236727445019,11.461347579956055,83224716,0.0,0.0
2025-06-20 00:00:00+08:00,11.461347949382889,11.618084184676343,11.431960138820779,11.598492622375488,130919782,0.0,0.0
2025-06-23 00:00:00+08:00,11.569104775800131,11.725841010605686,11.431960103234447,11.686656951904297,138917048,0.0,0.0
2025-06-24 00:00:00+08:00,11.657268207212018,11.765025069307073,11.59849258627076,11.686656951904297,130852531,0.0,0.0
2025-06-25 00:00:00+08:00,11.68665647889075,11.833596459518196,11.588695868991376,11.814004898071289,167511647,0.0,0.0
2025-06-26 00:00:00+08:00,11.804208607181547,12.225436986080561,11.765024550209043,12.156865119934082,217457766,0.0,0.0
2025-06-27 00:00:00+08:00,12.11768146807236,12.323398007610797,11.882577118377474,11.951148986816406,237760015,0.0,0.0
2025-06-30 00:00:00+08:00,11.892373846075253,11.921761657416797,11.716045109582637,11.823801040649414,150481965,0.0,0.0
2025-07-01 00:00:00+08:00,11.814005111974014,12.078497268736598,11.814005111974014,12.04910945892334,135434108,0.0,0.0
2025-07-02 00:00:00+08:00,12.058905476802208,12.156865152384144,11.9805364284264,12.068700790405273,120041184,0.0,0.0
2025-07-03 00:00:00+08:00,12.078497675131494,12.16666204175929,12.029517367646978,12.098090171813965,79408597,0.0,0.0
2025-07-04 00:00:00+08:00,12.098090270054549,12.460543053628545,12.049109962172295,12.34299087524414,177533267,0.0,0.0
2025-07-07 00:00:00+08:00,12.342990781500855,12.558502639791312,12.342990781500855,12.519318580627441,149540653,0.0,0.0
2025-07-08 00:00:00+08:00,12.489930807130898,12.578095174068466,12.391970191817677,12.431154251098633,109098597,0.0,0.0
2025-07-09 00:00:00+08:00,12.401765758242739,12.636870101000511,12.401765758242739,12.578094482421875,120596330,0.0,0.0
2025-07-10 00:00:00+08:00,12.55850206482995,13.058099496962658,12.529114255357914,12.91115951538086,248141553,0.0,0.0
2025-07-11 00:00:00+08:00,12.920954930538139,13.028711789817956,12.62707496506641,12.646666526794434,244374350,0.0,0.0
2025-07-14 00:00:00+08:00,12.607482644608872,12.901363548392956,12.597686396497688,12.715238571166992,187289585,0.0,0.0
2025-07-15 00:00:00+08:00,12.725034711133231,12.774015017051253,12.450746305902586,12.470337867736816,181053131,0.0,0.0
2025-07-16 00:00:00+08:00,12.47033792185139,12.499726666062713,12.245029821561051,12.382174491882324,192786379,0.0,0.0
2025-07-17 00:00:00+08:00,12.352786295454049,12.440950663554391,12.284214424363418,12.333194732666016,94464140,0.0,0.0
2025-07-18 00:00:00+08:00,12.362582275781287,12.489930700916842,12.342990713418247,12.440950393676758,124120611,0.0,0.0
2025-07-21 00:00:00+08:00,12.38217480911221,12.450746678918831,12.294010442662747,12.35278606414795,107902662,0.0,0.0
2025-07-22 00:00:00+08:00,12.342990164868327,12.342990164868327,12.06870083020255,12.235233306884766,193522916,0.0,0.0
2025-07-23 00:00:00+08:00,12.205846007775126,12.372378491418882,12.196049759508632,12.274417877197266,137052000,0.0,0.0
2025-07-24 00:00:00+08:00,12.274417970847894,12.274417970847894,12.078497675131494,12.098090171813965,195935057,0.0,0.0
2025-07-25 00:00:00+08:00,12.078497675131494,12.20584610090257,12.068701426790257,12.098090171813965,110826666,0.0,0.0
2025-07-28 00:00:00+08:00,12.098089906102754,12.274417701263983,12.068701161724514,12.205845832824707,123824278,0.0,0.0
2025-07-29 00:00:00+08:00,12.20584620769417,12.254826515607226,12.08829402923584,12.08829402923584,101281801,0.0,0.0
2025-07-30 00:00:00+08:00,12.098089573773493,12.382174222074637,12.088293325916512,12.235233306884766,171516360,0.0,0.0
2025-07-31 00:00:00+08:00,12.254825795380688,12.294009852563917,11.970741147246867,11.980536460876465,169008125,0.0,0.0
2025-08-01 00:00:00+08:00,11.99033311525534,12.07849748046219,11.90216875004849,12.02951717376709,101218698,0.0,0.0
2025-08-04 00:00:00+08:00,11.990332905075194,12.127477574573115,11.960945095261936,12.04910945892334,103268969,0.0,0.0
2025-08-05 00:00:00+08:00,12.049109495584947,12.245029785305508,12.029516999502075,12.215641975402832,113207820,0.0,0.0
2025-08-06 00:00:00+08:00,12.215642080950786,12.264622387359545,12.14706927828987,12.205845832824707,69044765,0.0,0.0
2025-08-07 00:00:00+08:00,12.186253231278524,12.274417595208185,12.137273859514607,12.215641975402832,72205305,0.0,0.0
2025-08-08 00:00:00+08:00,12.225437091979806,12.274417397175116,12.13727366369419,12.147068977355957,82979591,0.0,0.0
2025-08-11 00:00:00+08:00,12.147069136374745,12.166661632398004,12.019721649110082,12.04910945892334,93435315,0.0,0.0
2025-08-12 00:00:00+08:00,12.049110075341012,12.147069757803914,12.049110075341012,12.078497886657715,68005619,0.0,0.0
2025-08-13 00:00:00+08:00,12.117681771706623,12.147069582599448,11.980537097170668,12.009925842285156,111981305,0.0,0.0
2025-08-14 00:00:00+08:00,12.019721789476979,12.08829365791591,11.941352738690377,11.951148986816406,124104129,0.0,0.0
2025-08-15 00:00:00+08:00,11.98053717284142,11.98053717284142,11.69645250782536,11.833597183227539,194850295,0.0,0.0
2025-08-18 00:00:00+08:00,11.814005620582467,11.902169053817794,11.784616875282355,11.833597183227539,123905837,0.0,0.0
2025-08-19 00:00:00+08:00,11.853188955186717,11.872780516633624,11.774820840955863,11.814004898071289,89285989,0.0,0.0
2025-08-20 00:00:00+08:00,11.814005726350018,11.872781349033104,11.735636672403107,11.823801040649414,104873853,0.0,0.0
2025-08-21 00:00:00+08:00,11.804208598675912,11.94135233087005,11.784616103092972,11.902168273925781,121741825,0.0,0.0
2025-08-22 00:00:00+08:00,11.90216832591479,11.921760821583309,11.735635849618824,11.814004898071289,164425977,0.0,0.0
2025-08-25 00:00:00+08:00,11.872780973061422,12.274417807490158,11.853189410861354,12.196049690246582,304508753,0.0,0.0
2025-08-26 00:00:00+08:00,12.196049726433802,12.24503003341178,12.049109739721523,12.107885360717773,138359861,0.0,0.0
2025-08-27 00:00:00+08:00,12.068700802210756,12.107884859326182,11.80420865023703,11.814004898071289,186004950,0.0,0.0
2025-08-28 00:00:00+08:00,11.84339343166091,11.892373739606093,11.725841253125472,11.833597183227539,165358793,0.0,0.0
2025-08-29 00:00:00+08:00,11.804208755493164,11.970741233274072,11.78461625964994,11.804208755493164,180512568,0.0,0.0
2025-09-01 00:00:00+08:00,11.804208609512767,11.804208609512767,11.608288324611554,11.647472381591797,185845902,0.0,0.0
2025-09-02 00:00:00+08:00,11.608289216813223,11.745432959673998,11.598492968259828,11.735636711120605,149271566,0.0,0.0
2025-09-03 00:00:00+08:00,11.735636398237709,11.765025143114357,11.500532044554463,11.51032829284668,136723249,0.0,0.0
2025-09-04 00:00:00+08:00,11.520124647033082,11.529920895415348,11.363388409803518,11.500532150268555,129530002,0.0,0.0
2025-09-05 00:00:00+08:00,11.490736133144356,11.500532381723776,11.392776450015212,11.480940818786621,81966156,0.0,0.0
2025-09-08 00:00:00+08:00,11.471143827901553,11.53971569507679,11.431959770341185,11.461347579956055,92443104,0.0,0.0
2025-09-09 00:00:00+08:00,11.471144233899471,11.539716103501672,11.441756423244481,11.51032829284668,86053917,0.0,0.0
2025-09-10 00:00:00+08:00,11.500531833665192,11.549512140006447,11.471144023549096,11.52992057800293,79266839,0.0,0.0
2025-09-11 00:00:00+08:00,11.529920648020358,11.608288764953613,11.471144093209594,11.608288764953613,96393163,0.0,0.0
2025-09-12 00:00:00+08:00,11.588696750495185,11.6376770591706,11.461348321627781,11.480940818786621,94038510,0.0,0.0
2025-09-15 00:00:00+08:00,11.46134812859021,11.480940625419063,11.39277625813256,11.412367820739746,84038656,0.0,0.0
2025-09-16 00:00:00+08:00,11.42216419465839,11.47114450304704,11.373183886269741,11.402572631835938,70804849,0.0,0.0
2025-09-17 00:00:00+08:00,11.402572631835938,11.431960443180456,11.343796074925223,11.402572631835938,77112893,0.0,0.0
2025-09-18 00:00:00+08:00,11.412367612207992,11.422163860443417,11.14787544940307,11.177263259887695,138616040,0.0,0.0
2025-09-19 00:00:00+08:00,11.177262819350219,11.275223429400176,11.138078762174558,11.216446876525879,83465123,0.0,0.0
2025-09-22 00:00:00+08:00,11.206651408570638,11.236040154163817,11.138079537296576,11.147875785827637,59640232,0.0,0.0
2025-09-23 00:00:00+08:00,11.138078956928494,11.343795494253152,11.089098651047074,11.285019874572754,134143022,0.0,0.0
2025-09-24 00:00:00+08:00,11.275224281504897,11.38298021332602,11.196856161231048,11.22624397277832,113958347,0.0,0.0
2025-09-25 00:00:00+08:00,11.196855862293898,11.236039921384675,11.128283058218793,11.16746711730957,77327594,0.0,0.0
2025-09-26 00:00:00+08:00,11.15767180320312,11.206651176400348,11.089098999128018,11.16746711730957,75323875,0.0,0.0
2025-09-29 00:00:00+08:00,11.167466498709985,11.24583461255049,11.040119014385366,11.138078689575195,117601243,0.0,0.0
2025-09-30 00:00:00+08:00,11.138079025536358,11.138079025536358,11.05971090933201,11.108691215515137,83247947,0.0,0.0
2025-10-09 00:00:00+08:00,11.098895247456126,11.17726336563768,11.040119625930792,11.16746711730957,104746906,0.0,0.0
2025-10-10 00:00:00+08:00,11.138078990962317,11.25563116490394,11.128282742911773,11.196855545043945,108794775,0.0,0.0
2025-10-13 00:00:00+08:00,11.089098999128018,11.226243673056565,11.04991494003724,11.16746711730957,116880173,0.0,0.0
2025-10-14 00:00:00+08:00,11.157671834496854,11.363388378855817,11.128283089430102,11.333999633789062,184342836,0.0,0.0
2025-10-15 00:00:00+08:00,11.34000015258789,11.420000076293945,11.260000228881836,11.399999618530273,127106103,0.236,0.0
2025-10-16 00:00:00+08:00,11.380000114440918,11.550000190734863,11.359999656677246,11.539999961853027,126193687,0.0,0.0
2025-10-17 00:00:00+08:00,11.5,11.579999923706055,11.380000114440918,11.399999618530273,103966632,0.0,0.0
2025-10-20 00:00:00+08:00,11.40999984741211,11.449999809265137,11.270000457763672,11.420000076293945,95264110,0.0,0.0
2025-10-21 00:00:00+08:00,11.399999618530273,11.470000267028809,11.390000343322754,11.430000305175781,76116462,0.0,0.0
2025-10-22 00:00:00+08:00,11.399999618530273,11.539999961853027,11.399999618530273,11.520000457763672,83370319,0.0,0.0
2025-10-23 00:00:00+08:00,11.520000457763672,11.710000038146973,11.5,11.630000114440918,137311158,0.0,0.0
2025-10-24 00:00:00+08:00,11.600000381469727,11.680000305175781,11.550000190734863,11.5600004196167,98047530,0.0,0.0
2025-10-27 00:00:00+08:00,11.539999961853027,11.609999656677246,11.4399995803833,11.520000457763672,123948526,0.0,0.0
2025-10-28 00:00:00+08:00,11.529999732971191,11.579999923706055,11.420000076293945,11.470000267028809,82156818,0.0,0.0
2025-10-29 00:00:00+08:00,11.460000038146973,11.460000038146973,11.359999656677246,11.390000343322754,96621364,0.0,0.0
2025-10-30 00:00:00+08:00,11.380000114440918,11.470000267028809,11.359999656677246,11.380000114440918,94377015,0.0,0.0
2025-10-31 00:00:00+08:00,11.380000114440918,11.399999618530273,11.300000190734863,11.319999694824219,97019293,0.0,0.0
2025-11-03 00:00:00+08:00,11.34000015258789,11.4399995803833,11.300000190734863,11.430000305175781,95232643,0.0,0.0
2025-11-04 00:00:00+08:00,11.420000076293945,11.640000343322754,11.399999618530273,11.59000015258789,150300748,0.0,0.0
2025-11-05 00:00:00+08:00,11.59000015258789,11.600000381469727,11.5,11.520000457763672,79492605,0.0,0.0
2025-11-06 00:00:00+08:00,11.5,11.579999923706055,11.470000267028809,11.510000228881836,76658546,0.0,0.0
2025-11-07 00:00:00+08:00,11.520000457763672,11.579999923706055,11.5,11.550000190734863,73485055,0.0,0.0
2025-11-10 00:00:00+08:00,11.520000457763672,11.640000343322754,11.449999809265137,11.630000114440918,82720833,0.0,0.0
2025-11-11 00:00:00+08:00,11.520000457763672,11.6899995803833,11.569999694824219,11.670000076293945,88650887,0.0,0.0
